Run at Mon Jun 23 07:40:09 UTC 2025
Run at Tue Jun 24 07:39:03 UTC 2025
Run at Wed Jun 25 07:39:01 UTC 2025
Run at Thu Jun 26 07:38:10 UTC 2025
Run at Fri Jun 27 07:37:49 UTC 2025
Run at Sat Jun 28 07:35:05 UTC 2025
Run at Sun Jun 29 07:35:47 UTC 2025
Run at Mon Jun 30 07:39:35 UTC 2025
Run at Tue Jul  1 07:40:08 UTC 2025
Run at Wed Jul  2 07:38:28 UTC 2025
Run at Thu Jul  3 07:38:14 UTC 2025
Run at Fri Jul  4 07:39:13 UTC 2025
Run at Sat Jul  5 07:35:10 UTC 2025
Run at Sun Jul  6 07:34:50 UTC 2025
Run at Mon Jul  7 07:39:17 UTC 2025
Run at Tue Jul  8 07:39:25 UTC 2025
Run at Wed Jul  9 07:39:21 UTC 2025
Run at Thu Jul 10 07:39:16 UTC 2025
Run at Fri Jul 11 07:39:49 UTC 2025
Run at Sat Jul 12 07:37:31 UTC 2025
Run at Sun Jul 13 07:38:04 UTC 2025
Run at Mon Jul 14 07:41:23 UTC 2025
Run at Tue Jul 15 07:40:47 UTC 2025
Run at Wed Jul 16 07:40:29 UTC 2025
Run at Thu Jul 17 07:39:58 UTC 2025
Run at Fri Jul 18 07:41:01 UTC 2025
Run at Sat Jul 19 07:36:45 UTC 2025
Run at Sun Jul 20 07:37:02 UTC 2025
Run at Mon Jul 21 07:46:15 UTC 2025
Run at Tue Jul 22 07:41:00 UTC 2025
Run at Wed Jul 23 07:42:17 UTC 2025
Run at Thu Jul 24 07:41:17 UTC 2025
Run at Fri Jul 25 07:40:39 UTC 2025
Run at Sat Jul 26 07:37:51 UTC 2025
Run at Sun Jul 27 07:37:27 UTC 2025
Run at Mon Jul 28 07:44:05 UTC 2025
Run at Tue Jul 29 07:43:05 UTC 2025
Run at Wed Jul 30 07:43:49 UTC 2025
Run at Thu Jul 31 07:42:15 UTC 2025
Run at Fri Aug  1 07:44:14 UTC 2025
Run at Sat Aug  2 07:37:18 UTC 2025
Run at Sun Aug  3 07:37:41 UTC 2025
Run at Mon Aug  4 07:46:58 UTC 2025
Run at Tue Aug  5 07:44:51 UTC 2025
Run at Wed Aug  6 07:44:27 UTC 2025
Run at Thu Aug  7 07:44:03 UTC 2025
Run at Fri Aug  8 07:43:28 UTC 2025
Run at Sat Aug  9 07:36:14 UTC 2025
Run at Sun Aug 10 07:36:26 UTC 2025
Run at Mon Aug 11 07:42:42 UTC 2025
Run at Tue Aug 12 07:38:52 UTC 2025
Run at Wed Aug 13 07:39:27 UTC 2025
Run at Thu Aug 14 07:38:50 UTC 2025
Run at Fri Aug 15 07:37:28 UTC 2025
Run at Sat Aug 16 07:34:55 UTC 2025
Run at Sun Aug 17 07:35:10 UTC 2025
Run at Mon Aug 18 07:40:26 UTC 2025
Run at Tue Aug 19 07:36:56 UTC 2025
Run at Wed Aug 20 07:37:07 UTC 2025
Run at Thu Aug 21 07:38:06 UTC 2025
Run at Fri Aug 22 07:34:52 UTC 2025
Run at Sat Aug 23 07:32:59 UTC 2025
Run at Sun Aug 24 07:33:45 UTC 2025
Run at Mon Aug 25 07:37:11 UTC 2025
Run at Tue Aug 26 07:36:45 UTC 2025
Run at Wed Aug 27 07:34:32 UTC 2025
Run at Thu Aug 28 07:35:46 UTC 2025
Run at Fri Aug 29 07:34:16 UTC 2025
Run at Sat Aug 30 07:32:35 UTC 2025
Run at Sun Aug 31 07:32:32 UTC 2025
Run at Mon Sep  1 07:36:47 UTC 2025
Run at Tue Sep  2 07:36:16 UTC 2025
Run at Wed Sep  3 07:34:16 UTC 2025
Run at Thu Sep  4 07:32:51 UTC 2025
Run at Fri Sep  5 07:33:22 UTC 2025
Run at Sat Sep  6 07:32:52 UTC 2025
Run at Sun Sep  7 07:33:11 UTC 2025
Run at Mon Sep  8 07:35:34 UTC 2025
Run at Tue Sep  9 07:34:27 UTC 2025
Run at Wed Sep 10 07:34:05 UTC 2025
Run at Thu Sep 11 07:33:49 UTC 2025
Run at Fri Sep 12 07:32:43 UTC 2025
Run at Sat Sep 13 07:32:43 UTC 2025
Run at Sun Sep 14 07:32:35 UTC 2025
Run at Mon Sep 15 07:36:05 UTC 2025
Run at Tue Sep 16 07:34:17 UTC 2025
Run at Wed Sep 17 07:33:16 UTC 2025
Run at Thu Sep 18 07:33:24 UTC 2025
Run at Fri Sep 19 07:33:43 UTC 2025
Run at Sat Sep 20 07:32:38 UTC 2025
Run at Sun Sep 21 07:32:35 UTC 2025
Run at Mon Sep 22 07:36:01 UTC 2025
Run at Tue Sep 23 07:35:34 UTC 2025
Run at Wed Sep 24 07:35:56 UTC 2025
Run at Thu Sep 25 07:36:09 UTC 2025
Run at Fri Sep 26 07:33:57 UTC 2025
Run at Sat Sep 27 07:32:34 UTC 2025
Run at Sun Sep 28 07:32:37 UTC 2025
Run at Mon Sep 29 07:36:14 UTC 2025
Run at Tue Sep 30 07:36:42 UTC 2025
Run at Wed Oct  1 07:35:59 UTC 2025
Run at Thu Oct  2 07:32:39 UTC 2025
Run at Fri Oct  3 07:33:57 UTC 2025
Run at Sat Oct  4 07:32:26 UTC 2025
Run at Sun Oct  5 07:32:23 UTC 2025
Run at Mon Oct  6 07:35:37 UTC 2025
Run at Tue Oct  7 07:34:11 UTC 2025
Run at Wed Oct  8 07:33:56 UTC 2025
Run at Thu Oct  9 07:34:24 UTC 2025
Run at Fri Oct 10 07:34:06 UTC 2025
Run at Sat Oct 11 07:32:53 UTC 2025
Run at Sun Oct 12 07:32:36 UTC 2025
Run at Mon Oct 13 07:36:46 UTC 2025
Run at Tue Oct 14 07:35:09 UTC 2025
Run at Wed Oct 15 07:36:36 UTC 2025
Run at Thu Oct 16 07:35:47 UTC 2025
Run at Fri Oct 17 07:34:41 UTC 2025
Run at Sat Oct 18 07:32:24 UTC 2025
Run at Sun Oct 19 07:32:44 UTC 2025
Run at Mon Oct 20 07:36:29 UTC 2025
Run at Tue Oct 21 07:36:22 UTC 2025
Run at Wed Oct 22 07:36:42 UTC 2025
Run at Thu Oct 23 07:36:21 UTC 2025
Run at Fri Oct 24 07:34:30 UTC 2025
Run at Sat Oct 25 07:32:31 UTC 2025
Run at Sun Oct 26 07:32:33 UTC 2025
Run at Mon Oct 27 07:36:30 UTC 2025
Run at Tue Oct 28 07:36:52 UTC 2025
Run at Wed Oct 29 07:37:05 UTC 2025
Run at Thu Oct 30 07:35:08 UTC 2025
Run at Fri Oct 31 07:34:42 UTC 2025
Run at Sat Nov  1 07:32:25 UTC 2025
Run at Sun Nov  2 07:32:48 UTC 2025
Run at Mon Nov  3 07:36:34 UTC 2025
Run at Tue Nov  4 07:36:55 UTC 2025
Run at Wed Nov  5 07:36:35 UTC 2025
Run at Thu Nov  6 07:35:52 UTC 2025
Run at Fri Nov  7 07:35:58 UTC 2025
Run at Sat Nov  8 07:32:41 UTC 2025
Run at Sun Nov  9 07:32:57 UTC 2025
Run at Mon Nov 10 07:36:50 UTC 2025
Run at Tue Nov 11 07:37:29 UTC 2025
Run at Wed Nov 12 07:37:08 UTC 2025
Run at Thu Nov 13 07:37:01 UTC 2025
Run at Fri Nov 14 07:36:17 UTC 2025
Run at Sat Nov 15 07:32:23 UTC 2025
Run at Sun Nov 16 07:33:55 UTC 2025
Run at Mon Nov 17 07:37:20 UTC 2025
Run at Tue Nov 18 07:37:10 UTC 2025
Run at Wed Nov 19 07:36:50 UTC 2025
Run at Thu Nov 20 07:36:31 UTC 2025
Run at Fri Nov 21 07:36:56 UTC 2025
Run at Sat Nov 22 07:33:09 UTC 2025
Run at Sun Nov 23 07:33:50 UTC 2025
Run at Mon Nov 24 07:36:58 UTC 2025
Run at Tue Nov 25 07:37:29 UTC 2025
Run at Wed Nov 26 07:37:11 UTC 2025
Run at Thu Nov 27 07:38:08 UTC 2025
Run at Fri Nov 28 07:37:05 UTC 2025
Run at Sat Nov 29 07:34:02 UTC 2025
Run at Sun Nov 30 07:32:47 UTC 2025
Run at Mon Dec  1 07:40:11 UTC 2025
Run at Tue Dec  2 07:39:33 UTC 2025
Run at Wed Dec  3 07:39:12 UTC 2025
Run at Thu Dec  4 07:39:13 UTC 2025
Run at Fri Dec  5 07:38:48 UTC 2025
Run at Sat Dec  6 07:33:54 UTC 2025
Run at Sun Dec  7 07:33:32 UTC 2025
Run at Mon Dec  8 07:41:01 UTC 2025
Run at Tue Dec  9 07:39:27 UTC 2025
Run at Wed Dec 10 07:40:31 UTC 2025
Run at Thu Dec 11 07:40:27 UTC 2025
Run at Fri Dec 12 07:40:43 UTC 2025
Run at Sat Dec 13 07:37:16 UTC 2025
Run at Sun Dec 14 07:36:01 UTC 2025
Run at Mon Dec 15 07:42:02 UTC 2025
Run at Tue Dec 16 07:41:00 UTC 2025
Run at Wed Dec 17 07:40:03 UTC 2025
Run at Thu Dec 18 07:39:38 UTC 2025
Run at Fri Dec 19 07:39:04 UTC 2025
Run at Sat Dec 20 07:35:03 UTC 2025
Run at Sun Dec 21 07:36:21 UTC 2025
Run at Mon Dec 22 07:41:11 UTC 2025
Run at Tue Dec 23 07:41:19 UTC 2025
Run at Wed Dec 24 07:41:16 UTC 2025
Run at Thu Dec 25 07:38:54 UTC 2025
Run at Fri Dec 26 07:39:11 UTC 2025
Run at Sat Dec 27 07:36:42 UTC 2025
Run at Sun Dec 28 07:37:39 UTC 2025
Run at Mon Dec 29 07:43:28 UTC 2025
Run at Tue Dec 30 07:40:03 UTC 2025
Run at Wed Dec 31 07:41:00 UTC 2025
Run at Thu Jan  1 07:40:31 UTC 2026
Run at Fri Jan  2 07:41:40 UTC 2026
Run at Sat Jan  3 07:37:06 UTC 2026
Run at Sun Jan  4 07:38:41 UTC 2026
Run at Mon Jan  5 07:45:35 UTC 2026
Run at Tue Jan  6 07:43:44 UTC 2026
Run at Wed Jan  7 07:43:20 UTC 2026
Run at Thu Jan  8 07:42:17 UTC 2026
Run at Fri Jan  9 07:42:59 UTC 2026
Run at Sat Jan 10 07:36:38 UTC 2026
Run at Sun Jan 11 07:38:44 UTC 2026
Run at Mon Jan 12 07:44:47 UTC 2026
Run at Tue Jan 13 07:42:28 UTC 2026
Run at Wed Jan 14 07:43:41 UTC 2026
Run at Thu Jan 15 07:42:39 UTC 2026
Run at Fri Jan 16 07:42:14 UTC 2026
Run at Sat Jan 17 07:36:48 UTC 2026
Run at Sun Jan 18 07:37:48 UTC 2026
Run at Mon Jan 19 07:47:04 UTC 2026
Run at Tue Jan 20 07:46:28 UTC 2026
Run at Wed Jan 21 07:46:40 UTC 2026
Run at Thu Jan 22 07:45:44 UTC 2026
Run at Fri Jan 23 07:43:30 UTC 2026
Run at Sat Jan 24 07:37:28 UTC 2026
Run at Sun Jan 25 07:39:14 UTC 2026
Run at Mon Jan 26 07:45:16 UTC 2026
